timeStamp,elapsed,label,responseCode,responseMessage,threadName,dataType,success,failureMessage,bytes,sentBytes,grpThreads,allThreads,Latency,IdleTime,Connect
1538518141372,963,https://uat-ganheonline.dotz.com.br/,200,OK,Thread Group 1-1,text,true,,130322,292,1,1,304,0,32
1538518142336,886,https://uat-ganheonline.dotz.com.br/,200,OK,Thread Group 1-1,text,true,,130322,292,2,2,304,0,32
1538518142869,885,https://uat-ganheonline.dotz.com.br/,200,OK,Thread Group 1-2,text,true,,130322,292,2,2,301,0,31
1538518143222,915,https://uat-ganheonline.dotz.com.br/,200,OK,Thread Group 1-1,text,true,,130322,292,2,2,306,0,29
1538518143755,970,https://uat-ganheonline.dotz.com.br/,200,OK,Thread Group 1-2,text,true,,130322,292,3,3,309,0,33
1538518144138,999,https://uat-ganheonline.dotz.com.br/,200,OK,Thread Group 1-1,text,true,,130322,292,3,3,320,0,29
1538518144369,963,https://uat-ganheonline.dotz.com.br/,200,OK,Thread Group 1-3,text,true,,130322,292,3,3,333,0,34
1538518144726,1020,https://uat-ganheonline.dotz.com.br/,200,OK,Thread Group 1-2,text,true,,130322,292,3,3,317,0,30
1538518145137,1112,https://uat-ganheonline.dotz.com.br/,200,OK,Thread Group 1-1,text,true,,130322,292,4,4,406,0,33
1538518145332,1015,https://uat-ganheonline.dotz.com.br/,200,OK,Thread Group 1-3,text,true,,130322,292,4,4,300,0,32
1538518145747,1117,https://uat-ganheonline.dotz.com.br/,200,OK,Thread Group 1-2,text,true,,130322,292,4,4,409,0,29
1538518145871,1130,https://uat-ganheonline.dotz.com.br/,200,OK,Thread Group 1-4,text,true,,130322,292,4,4,424,0,33
1538518146250,1229,https://uat-ganheonline.dotz.com.br/,200,OK,Thread Group 1-1,text,true,,130322,292,5,5,474,0,35
1538518146347,1207,https://uat-ganheonline.dotz.com.br/,200,OK,Thread Group 1-3,text,true,,130322,292,5,5,475,0,32
1538518146865,1324,https://uat-ganheonline.dotz.com.br/,200,OK,Thread Group 1-2,text,true,,130322,292,5,5,411,0,38
1538518147002,1267,https://uat-ganheonline.dotz.com.br/,200,OK,Thread Group 1-4,text,true,,130322,292,5,5,388,0,37
1538518147370,1256,https://uat-ganheonline.dotz.com.br/,200,OK,Thread Group 1-5,text,true,,130322,292,5,5,425,0,34
1538518147555,1276,https://uat-ganheonline.dotz.com.br/,200,OK,Thread Group 1-3,text,true,,130322,292,5,5,457,0,30
1538518147479,1362,https://uat-ganheonline.dotz.com.br/,200,OK,Thread Group 1-1,text,true,,130322,292,5,5,451,0,34
1538518148190,1549,https://uat-ganheonline.dotz.com.br/,200,OK,Thread Group 1-2,text,true,,130322,292,6,6,467,0,27
1538518148270,1596,https://uat-ganheonline.dotz.com.br/,200,OK,Thread Group 1-4,text,true,,130322,292,6,6,517,0,33
1538518148627,1350,https://uat-ganheonline.dotz.com.br/,200,OK,Thread Group 1-5,text,true,,130322,292,6,6,490,0,36
1538518148870,1354,https://uat-ganheonline.dotz.com.br/,200,OK,Thread Group 1-6,text,true,,130322,292,6,6,503,0,38
1538518148831,1406,https://uat-ganheonline.dotz.com.br/,200,OK,Thread Group 1-3,text,true,,130322,292,6,6,502,0,34
1538518148841,1783,https://uat-ganheonline.dotz.com.br/,200,OK,Thread Group 1-1,text,true,,130322,292,7,7,529,0,35
1538518149978,1482,https://uat-ganheonline.dotz.com.br/,200,OK,Thread Group 1-5,text,true,,130322,292,7,7,664,0,33
1538518149739,1752,https://uat-ganheonline.dotz.com.br/,200,OK,Thread Group 1-2,text,true,,130322,292,7,7,586,0,35
1538518149867,1856,https://uat-ganheonline.dotz.com.br/,200,OK,Thread Group 1-4,text,true,,130322,292,7,7,593,0,36
1538518150224,1651,https://uat-ganheonline.dotz.com.br/,200,OK,Thread Group 1-6,text,true,,130322,292,8,8,607,0,36
1538518150237,1813,https://uat-ganheonline.dotz.com.br/,200,OK,Thread Group 1-3,text,true,,130322,292,8,8,825,0,33
1538518150372,1867,https://uat-ganheonline.dotz.com.br/,200,OK,Thread Group 1-7,text,true,,130322,292,8,8,653,0,39
1538518150625,2284,https://uat-ganheonline.dotz.com.br/,200,OK,Thread Group 1-1,text,true,,130322,292,8,8,726,0,43
1538518151460,1912,https://uat-ganheonline.dotz.com.br/,200,OK,Thread Group 1-5,text,true,,130322,292,8,8,569,0,38
1538518151491,2030,https://uat-ganheonline.dotz.com.br/,200,OK,Thread Group 1-2,text,true,,130322,292,9,9,533,0,31
1538518151875,1748,https://uat-ganheonline.dotz.com.br/,200,OK,Thread Group 1-6,text,true,,130322,292,9,9,686,0,40
1538518151723,1973,https://uat-ganheonline.dotz.com.br/,200,OK,Thread Group 1-4,text,true,,130322,292,9,9,791,0,45
1538518151871,1828,https://uat-ganheonline.dotz.com.br/,200,OK,Thread Group 1-8,text,true,,130322,292,9,9,603,0,49
1538518152051,1923,https://uat-ganheonline.dotz.com.br/,200,OK,Thread Group 1-3,text,true,,130322,292,9,9,671,0,45
1538518152240,2478,https://uat-ganheonline.dotz.com.br/,200,OK,Thread Group 1-7,text,true,,130322,292,9,9,646,0,34
1538518152910,2312,https://uat-ganheonline.dotz.com.br/,200,OK,Thread Group 1-1,text,true,,130322,292,10,10,467,0,31
1538518153374,2069,https://uat-ganheonline.dotz.com.br/,200,OK,Thread Group 1-9,text,true,,130322,292,10,10,646,0,37
1538518153373,2204,https://uat-ganheonline.dotz.com.br/,200,OK,Thread Group 1-5,text,true,,130322,292,10,10,703,0,38
1538518153521,2096,https://uat-ganheonline.dotz.com.br/,200,OK,Thread Group 1-2,text,true,,130322,292,10,10,909,0,39
1538518153696,2019,https://uat-ganheonline.dotz.com.br/,200,OK,Thread Group 1-4,text,true,,130322,292,10,10,768,0,36
1538518153700,2067,https://uat-ganheonline.dotz.com.br/,200,OK,Thread Group 1-8,text,true,,130322,292,10,10,766,0,36
1538518153974,2038,https://uat-ganheonline.dotz.com.br/,200,OK,Thread Group 1-3,text,true,,130322,292,10,10,554,0,43
1538518153624,2760,https://uat-ganheonline.dotz.com.br/,200,OK,Thread Group 1-6,text,true,,130322,292,10,10,1011,0,40
1538518154719,2614,https://uat-ganheonline.dotz.com.br/,200,OK,Thread Group 1-7,text,true,,130322,292,10,10,546,0,30
1538518155223,2197,https://uat-ganheonline.dotz.com.br/,200,OK,Thread Group 1-1,text,true,,130322,292,10,10,918,0,38
1538518155578,1875,https://uat-ganheonline.dotz.com.br/,200,OK,Thread Group 1-5,text,true,,130322,292,10,10,734,0,49
1538518155444,2095,https://uat-ganheonline.dotz.com.br/,200,OK,Thread Group 1-9,text,true,,130322,292,10,10,910,0,40
1538518155618,2120,https://uat-ganheonline.dotz.com.br/,200,OK,Thread Group 1-2,text,true,,130322,292,10,10,966,0,39
1538518155768,2070,https://uat-ganheonline.dotz.com.br/,200,OK,Thread Group 1-8,text,true,,130322,292,10,10,881,0,34
1538518154872,3229,https://uat-ganheonline.dotz.com.br/,200,OK,Thread Group 1-10,text,true,,130322,292,10,10,762,0,49
1538518155716,2980,https://uat-ganheonline.dotz.com.br/,200,OK,Thread Group 1-4,text,true,,130322,292,10,10,936,0,51
1538518156012,2853,https://uat-ganheonline.dotz.com.br/,200,OK,Thread Group 1-3,text,true,,130322,292,10,10,908,0,41
1538518156384,2608,https://uat-ganheonline.dotz.com.br/,200,OK,Thread Group 1-6,text,true,,130322,292,10,10,741,0,42
1538518157420,2045,https://uat-ganheonline.dotz.com.br/,200,OK,Thread Group 1-1,text,true,,130322,292,10,10,578,0,38
1538518157453,2115,https://uat-ganheonline.dotz.com.br/,200,OK,Thread Group 1-5,text,true,,130322,292,10,10,912,0,36
1538518157333,2405,https://uat-ganheonline.dotz.com.br/,200,OK,Thread Group 1-7,text,true,,130322,292,10,10,733,0,36
1538518157739,2363,https://uat-ganheonline.dotz.com.br/,200,OK,Thread Group 1-2,text,true,,130322,292,10,10,662,0,46
1538518157839,2341,https://uat-ganheonline.dotz.com.br/,200,OK,Thread Group 1-8,text,true,,130322,292,10,10,745,0,50
1538518157539,2763,https://uat-ganheonline.dotz.com.br/,200,OK,Thread Group 1-9,text,true,,130322,292,10,10,983,0,30
1538518158102,3119,https://uat-ganheonline.dotz.com.br/,200,OK,Thread Group 1-10,text,true,,130322,292,10,10,760,0,43
1538518158866,2457,https://uat-ganheonline.dotz.com.br/,200,OK,Thread Group 1-3,text,true,,130322,292,10,10,574,0,34
1538518158696,2639,https://uat-ganheonline.dotz.com.br/,200,OK,Thread Group 1-4,text,true,,130322,292,10,10,630,0,32
1538518159568,1828,https://uat-ganheonline.dotz.com.br/,200,OK,Thread Group 1-5,text,true,,130322,292,10,10,596,0,37
1538518158993,2454,https://uat-ganheonline.dotz.com.br/,200,OK,Thread Group 1-6,text,true,,130322,292,10,10,704,0,35
1538518159466,2184,https://uat-ganheonline.dotz.com.br/,200,OK,Thread Group 1-1,text,true,,130322,292,10,10,743,0,40
1538518159739,2173,https://uat-ganheonline.dotz.com.br/,200,OK,Thread Group 1-7,text,true,,130322,292,10,10,604,0,41
1538518160181,2394,https://uat-ganheonline.dotz.com.br/,200,OK,Thread Group 1-8,text,true,,130322,292,10,10,564,0,31
1538518160303,2443,https://uat-ganheonline.dotz.com.br/,200,OK,Thread Group 1-9,text,true,,130322,292,10,10,587,0,43
1538518160102,2667,https://uat-ganheonline.dotz.com.br/,200,OK,Thread Group 1-2,text,true,,130322,292,10,10,668,0,38
1538518161397,2160,https://uat-ganheonline.dotz.com.br/,200,OK,Thread Group 1-5,text,true,,130322,292,10,10,885,0,46
1538518161324,2371,https://uat-ganheonline.dotz.com.br/,200,OK,Thread Group 1-3,text,true,,130322,292,10,10,905,0,55
1538518161448,2256,https://uat-ganheonline.dotz.com.br/,200,OK,Thread Group 1-6,text,true,,130322,292,10,10,687,0,33
1538518161336,2388,https://uat-ganheonline.dotz.com.br/,200,OK,Thread Group 1-4,text,true,,130322,292,10,10,790,0,32
1538518161222,2509,https://uat-ganheonline.dotz.com.br/,200,OK,Thread Group 1-10,text,true,,130322,292,10,10,742,0,38
1538518161651,2264,https://uat-ganheonline.dotz.com.br/,200,OK,Thread Group 1-1,text,true,,130322,292,10,10,759,0,37
1538518161912,2740,https://uat-ganheonline.dotz.com.br/,200,OK,Thread Group 1-7,text,true,,130322,292,10,10,747,0,53
1538518162576,2521,https://uat-ganheonline.dotz.com.br/,200,OK,Thread Group 1-8,text,true,,130322,292,10,10,640,0,40
1538518162769,2382,https://uat-ganheonline.dotz.com.br/,200,OK,Thread Group 1-2,text,true,,130322,292,10,10,570,0,36
1538518162747,2688,https://uat-ganheonline.dotz.com.br/,200,OK,Thread Group 1-9,text,true,,130322,292,10,10,567,0,46
1538518163705,1870,https://uat-ganheonline.dotz.com.br/,200,OK,Thread Group 1-6,text,true,,130322,292,10,10,570,0,43
1538518163558,2244,https://uat-ganheonline.dotz.com.br/,200,OK,Thread Group 1-5,text,true,,130322,292,10,10,638,0,42
1538518163732,2296,https://uat-ganheonline.dotz.com.br/,200,OK,Thread Group 1-10,text,true,,130322,292,10,10,833,0,34
1538518163916,2189,https://uat-ganheonline.dotz.com.br/,200,OK,Thread Group 1-1,text,true,,130322,292,10,10,738,0,44
1538518163696,2430,https://uat-ganheonline.dotz.com.br/,200,OK,Thread Group 1-3,text,true,,130322,292,10,10,831,0,36
1538518163724,3240,https://uat-ganheonline.dotz.com.br/,200,OK,Thread Group 1-4,text,true,,130322,292,10,10,754,0,30
1538518164653,2414,https://uat-ganheonline.dotz.com.br/,200,OK,Thread Group 1-7,text,true,,130322,292,10,10,545,0,37
1538518165151,2226,https://uat-ganheonline.dotz.com.br/,200,OK,Thread Group 1-2,text,true,,130322,292,10,10,535,0,37
1538518165098,2353,https://uat-ganheonline.dotz.com.br/,200,OK,Thread Group 1-8,text,true,,130322,292,10,10,637,0,47
1538518165436,2306,https://uat-ganheonline.dotz.com.br/,200,OK,Thread Group 1-9,text,true,,130322,292,10,10,738,0,35
1538518165576,2349,https://uat-ganheonline.dotz.com.br/,200,OK,Thread Group 1-6,text,true,,130322,292,10,10,591,0,32
1538518166029,1918,https://uat-ganheonline.dotz.com.br/,200,OK,Thread Group 1-10,text,true,,130322,292,10,10,590,0,48
1538518165803,2166,https://uat-ganheonline.dotz.com.br/,200,OK,Thread Group 1-5,text,true,,130322,292,10,10,757,0,44
1538518166127,2132,https://uat-ganheonline.dotz.com.br/,200,OK,Thread Group 1-3,text,true,,130322,292,10,10,641,0,44
1538518166106,2502,https://uat-ganheonline.dotz.com.br/,200,OK,Thread Group 1-1,text,true,,130322,292,10,10,655,0,46
1538518167067,2331,https://uat-ganheonline.dotz.com.br/,200,OK,Thread Group 1-7,text,true,,130322,292,10,10,736,0,31
1538518166964,2548,https://uat-ganheonline.dotz.com.br/,200,OK,Thread Group 1-4,text,true,,130322,292,10,10,689,0,33
1538518167451,2243,https://uat-ganheonline.dotz.com.br/,200,OK,Thread Group 1-8,text,true,,130322,292,10,10,904,0,70
1538518167378,2399,https://uat-ganheonline.dotz.com.br/,200,OK,Thread Group 1-2,text,true,,130322,292,10,10,806,0,43
1538518167947,1972,https://uat-ganheonline.dotz.com.br/,200,OK,Thread Group 1-10,text,true,,130322,292,10,10,778,0,56
1538518167925,2170,https://uat-ganheonline.dotz.com.br/,200,OK,Thread Group 1-6,text,true,,130322,292,10,10,961,0,70
1538518167969,2445,https://uat-ganheonline.dotz.com.br/,200,OK,Thread Group 1-5,text,true,,130322,292,10,10,742,0,61
1538518167742,2842,https://uat-ganheonline.dotz.com.br/,200,OK,Thread Group 1-9,text,true,,130322,292,10,10,912,0,85
1538518168259,2476,https://uat-ganheonline.dotz.com.br/,200,OK,Thread Group 1-3,text,true,,130322,292,10,10,870,0,55
1538518168608,2460,https://uat-ganheonline.dotz.com.br/,200,OK,Thread Group 1-1,text,true,,130322,292,10,10,649,0,82
1538518169512,2522,https://uat-ganheonline.dotz.com.br/,200,OK,Thread Group 1-4,text,true,,130322,292,10,10,966,0,82
1538518169777,2312,https://uat-ganheonline.dotz.com.br/,200,OK,Thread Group 1-2,text,true,,130322,292,10,10,1096,0,62
1538518169694,2430,https://uat-ganheonline.dotz.com.br/,200,OK,Thread Group 1-8,text,true,,130322,292,10,10,1056,0,65
1538518169397,2772,https://uat-ganheonline.dotz.com.br/,200,OK,Thread Group 1-7,text,true,,130322,292,10,10,605,0,94
1538518169920,2322,https://uat-ganheonline.dotz.com.br/,200,OK,Thread Group 1-10,text,true,,130322,292,10,10,871,0,75
1538518170096,2358,https://uat-ganheonline.dotz.com.br/,200,OK,Thread Group 1-6,text,true,,130322,292,10,10,998,0,67
1538518170585,2140,https://uat-ganheonline.dotz.com.br/,200,OK,Thread Group 1-9,text,true,,130322,292,10,10,719,0,77
1538518170735,2162,https://uat-ganheonline.dotz.com.br/,200,OK,Thread Group 1-3,text,true,,130322,292,10,10,723,0,65
1538518170415,2604,https://uat-ganheonline.dotz.com.br/,200,OK,Thread Group 1-5,text,true,,130322,292,10,10,897,0,65
1538518171069,2963,https://uat-ganheonline.dotz.com.br/,200,OK,Thread Group 1-1,text,true,,130322,292,10,10,764,0,259
1538518172169,2250,https://uat-ganheonline.dotz.com.br/,200,OK,Thread Group 1-7,text,true,,130322,292,10,10,722,0,53
1538518172035,2407,https://uat-ganheonline.dotz.com.br/,200,OK,Thread Group 1-4,text,true,,130322,292,10,10,861,0,53
1538518172125,2418,https://uat-ganheonline.dotz.com.br/,200,OK,Thread Group 1-8,text,true,,130322,292,10,10,1023,0,37
1538518172726,1923,https://uat-ganheonline.dotz.com.br/,200,OK,Thread Group 1-9,text,true,,130322,292,10,10,726,0,40
1538518172243,2485,https://uat-ganheonline.dotz.com.br/,200,OK,Thread Group 1-10,text,true,,130322,292,10,10,875,0,58
1538518172454,2277,https://uat-ganheonline.dotz.com.br/,200,OK,Thread Group 1-6,text,true,,130322,292,10,10,1010,0,41
1538518172089,2734,https://uat-ganheonline.dotz.com.br/,200,OK,Thread Group 1-2,text,true,,130322,292,10,10,1183,0,50
1538518172899,2206,https://uat-ganheonline.dotz.com.br/,200,OK,Thread Group 1-3,text,true,,130322,292,10,10,708,0,40
1538518173021,2519,https://uat-ganheonline.dotz.com.br/,200,OK,Thread Group 1-5,text,true,,130322,292,10,10,646,0,41
1538518174034,2675,https://uat-ganheonline.dotz.com.br/,200,OK,Thread Group 1-1,text,true,,130322,292,10,10,650,0,34
1538518174649,2066,https://uat-ganheonline.dotz.com.br/,200,OK,Thread Group 1-9,text,true,,130322,292,10,10,949,0,37
1538518174421,2324,https://uat-ganheonline.dotz.com.br/,200,OK,Thread Group 1-7,text,true,,130322,292,10,10,838,0,44
1538518174443,2369,https://uat-ganheonline.dotz.com.br/,200,OK,Thread Group 1-4,text,true,,130322,292,10,10,1097,0,45
1538518174545,2376,https://uat-ganheonline.dotz.com.br/,200,OK,Thread Group 1-8,text,true,,130322,292,10,10,781,0,38
1538518174733,2221,https://uat-ganheonline.dotz.com.br/,200,OK,Thread Group 1-6,text,true,,130322,292,10,10,1016,0,41
1538518174730,2225,https://uat-ganheonline.dotz.com.br/,200,OK,Thread Group 1-10,text,true,,130322,292,10,10,925,0,32
1538518174825,2203,https://uat-ganheonline.dotz.com.br/,200,OK,Thread Group 1-2,text,true,,130322,292,10,10,1029,0,45
1538518175106,2210,https://uat-ganheonline.dotz.com.br/,200,OK,Thread Group 1-3,text,true,,130322,292,10,10,889,0,37
1538518175541,2861,https://uat-ganheonline.dotz.com.br/,200,OK,Thread Group 1-5,text,true,,130322,292,10,10,732,0,36
1538518176722,2249,https://uat-ganheonline.dotz.com.br/,200,OK,Thread Group 1-9,text,true,,130322,292,10,10,929,0,38
1538518176813,2240,https://uat-ganheonline.dotz.com.br/,200,OK,Thread Group 1-4,text,true,,130322,292,10,10,958,0,44
1538518176956,2167,https://uat-ganheonline.dotz.com.br/,200,OK,Thread Group 1-10,text,true,,130322,292,10,10,1100,0,70
1538518176746,2402,https://uat-ganheonline.dotz.com.br/,200,OK,Thread Group 1-7,text,true,,130322,292,10,10,1109,0,66
1538518176710,2467,https://uat-ganheonline.dotz.com.br/,200,OK,Thread Group 1-1,text,true,,130322,292,10,10,985,0,85
1538518177029,2217,https://uat-ganheonline.dotz.com.br/,200,OK,Thread Group 1-2,text,true,,130322,292,10,10,915,0,43
1538518176921,2336,https://uat-ganheonline.dotz.com.br/,200,OK,Thread Group 1-8,text,true,,130322,292,10,10,1032,0,82
1538518177316,2600,https://uat-ganheonline.dotz.com.br/,200,OK,Thread Group 1-3,text,true,,130322,292,10,10,891,0,47
1538518176956,2985,https://uat-ganheonline.dotz.com.br/,200,OK,Thread Group 1-6,text,true,,130322,292,10,10,1109,0,71
1538518178401,3021,https://uat-ganheonline.dotz.com.br/,200,OK,Thread Group 1-5,text,true,,130322,292,10,10,684,0,35
1538518179053,2421,https://uat-ganheonline.dotz.com.br/,200,OK,Thread Group 1-4,text,true,,130322,292,10,10,785,0,41
1538518179246,2238,https://uat-ganheonline.dotz.com.br/,200,OK,Thread Group 1-2,text,true,,130322,292,10,10,843,0,41
1538518179147,2370,https://uat-ganheonline.dotz.com.br/,200,OK,Thread Group 1-7,text,true,,130322,292,10,10,928,0,56
1538518179123,2451,https://uat-ganheonline.dotz.com.br/,200,OK,Thread Group 1-10,text,true,,130322,292,10,10,1126,0,46
1538518179177,2399,https://uat-ganheonline.dotz.com.br/,200,OK,Thread Group 1-1,text,true,,130322,292,10,10,887,0,53
1538518178971,2617,https://uat-ganheonline.dotz.com.br/,200,OK,Thread Group 1-9,text,true,,130322,292,10,10,783,0,46
1538518179257,2336,https://uat-ganheonline.dotz.com.br/,200,OK,Thread Group 1-8,text,true,,130322,292,10,10,1022,0,44
1538518179916,1962,https://uat-ganheonline.dotz.com.br/,200,OK,Thread Group 1-3,text,true,,130322,292,10,10,650,0,43
1538518179941,3075,https://uat-ganheonline.dotz.com.br/,200,OK,Thread Group 1-6,text,true,,130322,292,10,10,746,0,52
1538518181475,2015,https://uat-ganheonline.dotz.com.br/,200,OK,Thread Group 1-4,text,true,,130322,292,10,10,860,0,39
1538518181575,2280,https://uat-ganheonline.dotz.com.br/,200,OK,Thread Group 1-10,text,true,,130322,292,10,10,1116,0,37
1538518181594,2262,https://uat-ganheonline.dotz.com.br/,200,OK,Thread Group 1-8,text,true,,130322,292,10,10,944,0,40
1538518181589,2321,https://uat-ganheonline.dotz.com.br/,200,OK,Thread Group 1-9,text,true,,130322,292,10,10,710,0,40
1538518181577,2354,https://uat-ganheonline.dotz.com.br/,200,OK,Thread Group 1-1,text,true,,130322,292,10,10,1023,0,48
1538518181423,2546,https://uat-ganheonline.dotz.com.br/,200,OK,Thread Group 1-5,text,true,,130322,292,10,10,1047,0,42
1538518181879,2136,https://uat-ganheonline.dotz.com.br/,200,OK,Thread Group 1-3,text,true,,130322,292,10,10,848,0,40
1538518181517,2563,https://uat-ganheonline.dotz.com.br/,200,OK,Thread Group 1-7,text,true,,130322,292,10,10,1176,0,46
1538518181485,2642,https://uat-ganheonline.dotz.com.br/,200,OK,Thread Group 1-2,text,true,,130322,292,10,10,1242,0,44
1538518183018,2596,https://uat-ganheonline.dotz.com.br/,200,OK,Thread Group 1-6,text,true,,130322,292,10,10,506,0,33
1538518183857,2088,https://uat-ganheonline.dotz.com.br/,200,OK,Thread Group 1-10,text,true,,130322,292,10,10,824,0,51
1538518183491,2532,https://uat-ganheonline.dotz.com.br/,200,OK,Thread Group 1-4,text,true,,130322,292,10,10,808,0,53
1538518183858,2238,https://uat-ganheonline.dotz.com.br/,200,OK,Thread Group 1-8,text,true,,130322,292,10,10,1128,0,53
1538518183932,2188,https://uat-ganheonline.dotz.com.br/,200,OK,Thread Group 1-1,text,true,,130322,292,10,10,1027,0,47
1538518183970,2182,https://uat-ganheonline.dotz.com.br/,200,OK,Thread Group 1-5,text,true,,130322,292,10,10,987,0,37
1538518183912,2258,https://uat-ganheonline.dotz.com.br/,200,OK,Thread Group 1-9,text,true,,130322,292,10,10,777,0,43
1538518184017,2186,https://uat-ganheonline.dotz.com.br/,200,OK,Thread Group 1-3,text,true,,130322,292,10,10,1009,0,49
1538518184082,2149,https://uat-ganheonline.dotz.com.br/,200,OK,Thread Group 1-7,text,true,,130322,292,10,10,826,0,46
1538518184129,2564,https://uat-ganheonline.dotz.com.br/,200,OK,Thread Group 1-2,text,true,,130322,292,10,10,1048,0,35
1538518185614,2455,https://uat-ganheonline.dotz.com.br/,200,OK,Thread Group 1-6,text,true,,130322,292,10,10,855,0,34
1538518185945,2303,https://uat-ganheonline.dotz.com.br/,200,OK,Thread Group 1-10,text,true,,130322,292,10,10,1194,0,43
1538518186097,2164,https://uat-ganheonline.dotz.com.br/,200,OK,Thread Group 1-8,text,true,,130322,292,10,10,1071,0,52
1538518186121,2297,https://uat-ganheonline.dotz.com.br/,200,OK,Thread Group 1-1,text,true,,130322,292,10,10,1113,0,52
1538518186231,2189,https://uat-ganheonline.dotz.com.br/,200,OK,Thread Group 1-7,text,true,,130322,292,10,10,995,0,39
1538518186152,2319,https://uat-ganheonline.dotz.com.br/,200,OK,Thread Group 1-5,text,true,,130322,292,10,10,1075,0,42
1538518186171,2306,https://uat-ganheonline.dotz.com.br/,200,OK,Thread Group 1-9,text,true,,130322,292,10,10,1049,0,32
1538518186023,2478,https://uat-ganheonline.dotz.com.br/,200,OK,Thread Group 1-4,text,true,,130322,292,10,10,921,0,41
1538518186203,2792,https://uat-ganheonline.dotz.com.br/,200,OK,Thread Group 1-3,text,true,,130322,292,10,10,1142,0,41
1538518186694,3213,https://uat-ganheonline.dotz.com.br/,200,OK,Thread Group 1-2,text,true,,130322,292,10,10,896,0,51
1538518188477,2021,https://uat-ganheonline.dotz.com.br/,200,OK,Thread Group 1-9,text,true,,130322,292,10,10,926,0,55
1538518188419,2116,https://uat-ganheonline.dotz.com.br/,200,OK,Thread Group 1-7,text,true,,130322,292,10,10,697,0,46
1538518188501,2138,https://uat-ganheonline.dotz.com.br/,200,OK,Thread Group 1-4,text,true,,130322,292,10,10,980,0,38
1538518188069,2629,https://uat-ganheonline.dotz.com.br/,200,OK,Thread Group 1-6,text,true,,130322,292,10,10,726,0,39
1538518188248,2488,https://uat-ganheonline.dotz.com.br/,200,OK,Thread Group 1-10,text,true,,130322,292,10,10,1023,0,47
1538518188261,2604,https://uat-ganheonline.dotz.com.br/,200,OK,Thread Group 1-8,text,true,,130322,292,10,10,937,0,44
1538518188471,2461,https://uat-ganheonline.dotz.com.br/,200,OK,Thread Group 1-5,text,true,,130322,292,10,10,978,0,52
1538518188418,2531,https://uat-ganheonline.dotz.com.br/,200,OK,Thread Group 1-1,text,true,,130322,292,10,10,1063,0,44
1538518188995,2856,https://uat-ganheonline.dotz.com.br/,200,OK,Thread Group 1-3,text,true,,130322,292,10,10,755,0,40
1538518189907,2532,https://uat-ganheonline.dotz.com.br/,200,OK,Thread Group 1-2,text,true,,130322,292,10,10,527,0,29
1538518190499,2267,https://uat-ganheonline.dotz.com.br/,200,OK,Thread Group 1-9,text,true,,130322,292,10,10,589,0,47
1538518190640,2141,https://uat-ganheonline.dotz.com.br/,200,OK,Thread Group 1-4,text,true,,130322,292,10,10,730,0,37
1538518190699,2124,https://uat-ganheonline.dotz.com.br/,200,OK,Thread Group 1-6,text,true,,130322,292,10,10,839,0,42
1538518190866,2006,https://uat-ganheonline.dotz.com.br/,200,OK,Thread Group 1-8,text,true,,130322,292,10,10,851,0,38
1538518190736,2172,https://uat-ganheonline.dotz.com.br/,200,OK,Thread Group 1-10,text,true,,130322,292,10,10,949,0,43
1538518190536,2608,https://uat-ganheonline.dotz.com.br/,200,OK,Thread Group 1-7,text,true,,130322,292,10,10,1030,0,47
1538518190933,2539,https://uat-ganheonline.dotz.com.br/,200,OK,Thread Group 1-5,text,true,,130322,292,10,10,821,0,40
1538518190950,3117,https://uat-ganheonline.dotz.com.br/,200,OK,Thread Group 1-1,text,true,,130322,292,10,10,1050,0,48
1538518191851,2717,https://uat-ganheonline.dotz.com.br/,200,OK,Thread Group 1-3,text,true,,130322,292,10,10,570,0,35
1538518192824,2161,https://uat-ganheonline.dotz.com.br/,200,OK,Thread Group 1-6,text,true,,130322,292,10,10,659,0,48
1538518192782,2268,https://uat-ganheonline.dotz.com.br/,200,OK,Thread Group 1-4,text,true,,130322,292,10,10,572,0,43
1538518192909,2163,https://uat-ganheonline.dotz.com.br/,200,OK,Thread Group 1-10,text,true,,130322,292,10,10,868,0,33
1538518193144,1959,https://uat-ganheonline.dotz.com.br/,200,OK,Thread Group 1-7,text,true,,130322,292,10,10,808,0,39
1538518192767,2349,https://uat-ganheonline.dotz.com.br/,200,OK,Thread Group 1-9,text,true,,130322,292,10,10,948,0,65
1538518192439,2687,https://uat-ganheonline.dotz.com.br/,200,OK,Thread Group 1-2,text,true,,130322,292,10,10,746,0,36
1538518192873,2294,https://uat-ganheonline.dotz.com.br/,200,OK,Thread Group 1-8,text,true,,130322,292,10,10,916,0,42
1538518193472,2950,https://uat-ganheonline.dotz.com.br/,200,OK,Thread Group 1-5,text,true,,130322,292,10,10,669,0,49
1538518194068,2535,https://uat-ganheonline.dotz.com.br/,200,OK,Thread Group 1-1,text,true,,130322,292,10,10,524,0,37
1538518194569,2176,https://uat-ganheonline.dotz.com.br/,200,OK,Thread Group 1-3,text,true,,130322,292,10,10,506,0,33
1538518195126,1865,https://uat-ganheonline.dotz.com.br/,200,OK,Thread Group 1-2,text,true,,130322,292,10,10,647,0,30
1538518195051,2176,https://uat-ganheonline.dotz.com.br/,200,OK,Thread Group 1-4,text,true,,130322,292,10,10,876,0,40
1538518194986,2267,https://uat-ganheonline.dotz.com.br/,200,OK,Thread Group 1-6,text,true,,130322,292,10,10,958,0,46
1538518195167,2188,https://uat-ganheonline.dotz.com.br/,200,OK,Thread Group 1-8,text,true,,130322,292,10,10,846,0,45
1538518195072,2430,https://uat-ganheonline.dotz.com.br/,200,OK,Thread Group 1-10,text,true,,130322,292,10,10,1015,0,40
1538518195117,2410,https://uat-ganheonline.dotz.com.br/,200,OK,Thread Group 1-9,text,true,,130322,292,10,10,857,0,36
1538518195104,2994,https://uat-ganheonline.dotz.com.br/,200,OK,Thread Group 1-7,text,true,,130322,292,10,10,782,0,36
1538518196423,2597,https://uat-ganheonline.dotz.com.br/,200,OK,Thread Group 1-5,text,true,,130322,292,10,10,621,0,33
1538518196991,2085,https://uat-ganheonline.dotz.com.br/,200,OK,Thread Group 1-2,text,true,,130322,292,10,10,611,0,37
1538518196746,2394,https://uat-ganheonline.dotz.com.br/,200,OK,Thread Group 1-3,text,true,,130322,292,10,10,1079,0,38
1538518197254,1957,https://uat-ganheonline.dotz.com.br/,200,OK,Thread Group 1-6,text,true,,130322,292,10,10,835,0,39
1538518197228,2048,https://uat-ganheonline.dotz.com.br/,200,OK,Thread Group 1-4,text,true,,130322,292,10,10,571,0,43
1538518197356,1921,https://uat-ganheonline.dotz.com.br/,200,OK,Thread Group 1-8,text,true,,130322,292,10,10,780,0,41
1538518196604,2722,https://uat-ganheonline.dotz.com.br/,200,OK,Thread Group 1-1,text,true,,130322,292,10,10,614,0,34
1538518197528,2531,https://uat-ganheonline.dotz.com.br/,200,OK,Thread Group 1-9,text,true,,130322,292,10,10,797,0,31
1538518197503,2607,https://uat-ganheonline.dotz.com.br/,200,OK,Thread Group 1-10,text,true,,130322,292,10,10,821,0,40
1538518198099,2824,https://uat-ganheonline.dotz.com.br/,200,OK,Thread Group 1-7,text,true,,130322,292,10,10,507,0,42
1538518199021,2385,https://uat-ganheonline.dotz.com.br/,200,OK,Thread Group 1-5,text,true,,130322,292,10,10,1097,0,39
1538518199278,2169,https://uat-ganheonline.dotz.com.br/,200,OK,Thread Group 1-8,text,true,,130322,292,9,9,1091,0,30
1538518199212,2251,https://uat-ganheonline.dotz.com.br/,200,OK,Thread Group 1-6,text,true,,130322,292,8,8,898,0,37
1538518199327,2242,https://uat-ganheonline.dotz.com.br/,200,OK,Thread Group 1-1,text,true,,130322,292,7,7,786,0,47
1538518199077,2525,https://uat-ganheonline.dotz.com.br/,200,OK,Thread Group 1-2,text,true,,130322,292,6,6,908,0,38
1538518199277,2334,https://uat-ganheonline.dotz.com.br/,200,OK,Thread Group 1-4,text,true,,130322,292,5,5,1099,0,46
1538518199140,2654,https://uat-ganheonline.dotz.com.br/,200,OK,Thread Group 1-3,text,true,,130322,292,4,4,720,0,40
1538518200060,1794,https://uat-ganheonline.dotz.com.br/,200,OK,Thread Group 1-9,text,true,,130322,292,3,3,588,0,50
1538518200111,1836,https://uat-ganheonline.dotz.com.br/,200,OK,Thread Group 1-10,text,true,,130322,292,2,2,587,0,40
1538518200924,1306,https://uat-ganheonline.dotz.com.br/,200,OK,Thread Group 1-7,text,true,,130322,292,1,1,535,0,29
